INSERT INTO KMR_Pais (nombre,continente)
    VALUES
	('Afganistan','Asia'),
	('Islas Gland','Europa'),
	('Albania','Europa'),
	('Alemania','Europa'),
	('Andorra','Europa'),
	('Angola','Africa'),
	('Anguilla','America'),
	('Antigua y Barbuda','America'),
	('Arabia Saudi','Asia'),
	('Argelia','Africa'),
	('Argentina','America'),
	('Armenia','Europa'),
	('Aruba', 'America'),
	('Australia','Oceania'),
	('Austria','Europa'),
	('Azerbaiyán','Asia'),
	('Bahamas','America'),
	('Bahrein','Asia'),
	('Bangladesh','Asia'),
	('Barbados','America'),
	('Bielorrusia','Europa'),
	('Bélgica','Europa'),
	('Belice','America'),
	('Benin','Africa'),
	('Bermudas','America'),
	('Bhutan','Asia'),
	('Bolivia','America'),
	('Bosnia y Herzegovina','Europa'),
	('Botsuana','Africa'),
	('Isla Bouvet','Antartida'),
	('Brasil','America'),
	('Brunéi','Asia'),
	('Bulgaria','Europa'),
	('Burkina Faso','Africa'),
	('Burundi','Asia'),
	('Cabo Verde','Africa'),
	('Islas Caiman','America'),
	('Camboya','Asia'),
	('Camerun','Africa'),
	('Canada','America'),
	('Republica Centroafricana','Africa'),
	('Chad','Africa'),
	('Chequia','Europa'),
	('Chile','America'),
	('China','Asia'),
	('Chipre','Europa'),
	('Colombia', 'America'),
	('Comoras','Africa'),
	('Congo','Africa'),
	('Islas Cook','Oceania'),
	('Corea del Norte','Asia'),
	('Corea del Sur','Asia'),
	('Costa de Marfil','Africa'),
	('Costa Rica','America'),
	('Croacia','Europa'),
	('Cuba','America'),
	('Dinamarca','Europa'),
	('Dominica','America'),
	('Republica Dominicana','America'),
	('Ecuador','America'),
	('Egipto','Africa'),
	('El Salvador','America'),
	('Emiratos Arabes Unidos','Asia'),
	('Eritrea','Africa'),
	('Eslovaquia','Europa'),
	('Eslovenia','Europa'),
	('España','Europa'),
	('Estados Unidos','America'),
	('Estonia','Europa'),
	('Etiopía','Africa'),
	('Islas Feroe','Europa'),
	('Filipinas','Asia'),
	('Finlandia','Europa'),
	('Fiyi','Oceania'),
	('Francia','Europa'),
	('Gabon','Africa'),
	('Gambia','Africa'),
	('Georgia','Europa'),
	('Ghana','Africa'),
	('Granada','America'),
	('Grecia', 'Europa'),
	('Groenlandia','America'),
	('Guatemala','America'),
	('Guinea','Africa'),
	('Guyana','America'),
	('Haití','America'),
	('Honduras','America'),
	('Hungría','Europa'),
	('India','Asia'),
	('Indonesia','Asia'),
	('Irán','Asia'),
	('Irak','Asia'),
	('Irlanda','Europa'),
	('Islandia','Europa'),
	('Israel','Asia'),
	('Italia','Europa'),
	('Jamaica','America'),
	('Japón','Asia'),
	('Jordania','Asia'),
	('Kazajstán','Asia'),
	('Kenia','Africa'),
	('Kirguistán','Asia'),
	('Kiribati','Oceania'),
	('Kuwait','Asia'),
	('Laos','Asia'),
	('Lesotho','Africa'),
	('Letonia','Europa'),
	('Líbano','Asia'),
	('Liberia','Africa'),
	('Libia','Africa'),
	('Liechtenstein','Europa'),
	('Lituania','Europa'),
	('Luxemburgo','Europa'),
	('Madagascar','Africa'),
	('Malasia', 'Asia'),
	('Malawi','Africa'),
	('Maldivas','Asia'),
	('Malí','Africa'),
	('Malta','Europa'),
	('Islas Malvinas','America'),
	('Islas Marianas del Norte','Oceania'),
	('Marruecos','Africa'),
	('Islas Marshall','Oceania'),
	('Mauricio','Africa'),
	('Mauritania','Africa'),
	('México','America'),
	('Micronesia','Oceania'),
	('Moldavia','Europa'),
	('Mónaco','Europa'),
	('Mongolia','Asia'),
	('Mozambique','Africa'),
	('Birmania','Africa'),
	('Namibia','Africa'),
	('Nauru','Oceania'),
	('Nepal','Asia'),
	('Nicaragua','Asia'),
	('Níger','Africa'),
	('Nigeria','Africa'),
	('Niue','Oceania'),
	('Noruega','Europa'),
	('Nueva Zelanda','Oceania'),
	('Omán','Asia'),
	('Países Bajos','Europa'),
	('Pakistán','Asia'),
	('Palau','Oceania'),
	('Palestina','Asia'),
	('Panamá','America'),
	('Papúa Nueva Guinea','Oceania'),
	('Paraguay','America'),
	('Perú','America'),
	('Polonia','Europa'),
	('Portugal','Europa'),
	('Puerto Rico','America'),
	('Qatar','Asia'),
	('Reino Unido','Europa'),
	('Reunión','Africa'),
	('Ruanda','Africa'),
	('Rumania','Europa'),
	('Rusia','Europa'),
	('Islas Salomón','Oceania'),
	('Samoa','Oceania'),
	('San Cristóbal y Nevis','America'),
	('San Marino','Europa'),
	('San Vicente y las Granadinas','America'),
	('Santa Lucía','America'),
	('Santo Tomé y Príncipe','Africa'),
	('Senegal','Africa'),
	('Seychelles','Africa'),
	('Sierra Leona','Africa'),
	('Singapur','Asia'),
	('Siria','Asia'),
	('Somalia','Africa'),
	('Sri Lanka','Asia'),
	('Suazilandia','Africa'),
	('Sudáfrica','Africa'),
	('Sudán','Africa'),
	('Suecia','Europa'),
	('Suiza','Europa'),
	('Surinam','America'),
	('Tailandia','Asia'),
	('Taiwán','Asia'),
	('Tanzania','Africa'),
	('Tayikistán','Asia'),
	('Timor Oriental','Asia'),
	('Togo','Africa'),
	('Tonga','Oceania'),
	('Trinidad y Tobago','America'),
	('Túnez','Africa'),
	('Turkmenistán','Asia'),
	('Turquía','Asia'),
	('Tuvalu','Oceania'),
	('Ucrania','Europa'),
	('Uganda','Africa'),
	('Uruguay','America'),
	('Uzbekistán','Asia'),
	('Vanuatu','Oceania'),
	('Venezuela','America'),
	('Vietnam','Asia'),
	('Yemen','Asia'),
	('Yibuti','Africa'),
	('Zambia','Africa'),
	('Zimbabue','Africa');

INSERT INTO KMR_Asociacion_Nacional
    VALUES 
	(1,'Asociación Chilena de Sabores y Fragancias Asociación','Region Metropolitana',44),
	(2,'Cosmetic,Toiletry and Frangance Association of Singapore','Central Business District, Singapore',170),
	(3,'South African Association of the Flavour & Fragrance Industry','Johannesburg, Gauteng',175),
	(4,'Fragance Creator''s Association', 'Centro Rosslyn', 68),
	(5, 'Swiss Flavour and Fragrance Industry Association', 'Geneva', 178);
	
INSERT INTO KMR_Empresa_Productora 
    VALUES
	(1,'IFF','https://www.iff.com','+1 (212) 765-5500',NULL),
	(2,'Firmenich','https://www.firmenich.com','https://www.firmenich.com/en_INT/contact.html',NULL),
	(3,'Aromex','http://www.aromex.cl','22 443 87 85',1),
	(4,'Sephora Asia Pte Ltd','https://www.sephora.sg','https://www.sephora.sg/contact-us',2),
	(5,'fourchem','http://www.fourchem.co.za','+27 (0)21 709 0517',3);

INSERT INTO KMR_Perfume
    VALUES 
	(1,'Geo Donna','F','M','AD',1),
	(2,'Flags Donna','F','M','AT',1),
	(3,'Geo Uomo','M','H','AD',1),
	(4,'L Eau d Issey','F','M','AT',2),
	(5,'L Eau d Issey Pour Homme','F','H','AT',2),
	(6,'Flower by Kenzo','F','M','JO',2),
	(7,'Kenzo Amour','F','M','JO',3),
	(8,'Hugo Dark Blue','F','H','AD',3),
	(9,'Miracle de Lancome','F','M','JO',3),
	(10,'Tiffany & Love For Her','F','M','AT',4),
	(11,'Sauvage Eau de Parfum','F','H','AD',4),
	(12,'Bloom Eau De Parfum','M','M','AT',4),
	(13,'Love Secret','F','M','AT',5),
	(14,'Secret Charm','M','M','AT',5),
	(15,'Vitality','F','M','AD',5);

INSERT INTO KMR_Perfumista
    VALUES
	(1,'Alviero','Martini','Martini','H',96),
	(2,'Jacques','Cavallier','Belletrud','H',75),
	(3,'Alberto','Morillas','Morillas','H',67),
	(4,'Daphne','Bugey','Bugey','M',75),
	(5,'Olivier','Cresp','Cresp','H',75),
	(6,'Béatrice','Piquet','','M',75 ),
	(7,'Alain','Astori','','H',75),
	(8,'Harry','Fremont','','H',75),
	(9,'Marie','Salamagne','','M',75),
	(10,'Honorine','Blanc','','M',108),
	(11,'Francois','Demachy','','H',75),
	(12,'Sebastian','leblanc','','H',67);

INSERT INTO KMR_P_P
    VALUES
	(1,1),
	(2,1),
	(3,1),
	(4,2),
	(5,2),
	(6,3),
	(7,4),
	(7,5),
	(8,6),
	(8,7),
	(9,8),
	(9,3),
	(10,9),
	(10,10),
	(11,11),
	(12,3),
	(13,8),
	(14,12),
	(15,11),
	(15,12);

INSERT INTO KMR_Intensidad
    VALUES
	(1,1,'EdP',15,'clasico'),
	(2,2,'EdT',10,'seductor'),
	(3,3,'EdP',15,'normal'),
	(4,4,'EdT',10,'elegante'),
	(5,5,'EdT',10,'moderno'),
	(6,6,'EdP',15,'clasico'),
	(7,7,'EdP',15,'clasico'),
	(8,8,'EdT',10,'seductor'),
	(9,9,'EdP',15,'vigoroza'),
	(10,10,'EdP',15,'moderno'),
	(11,11,'EdP',15,'seductor'),
	(12,12,'EdP',15,'contemporaneo'),
	(13,13,'EdP',15,'elegante'),
	(14,14,'EdT',10,'seductor'),
	(15,15,'EdT',10,'normal');

INSERT INTO KMR_Presentacion
    VALUES
	(1,1,1,100),
	(2,1,1,50),
	(3,2,2,50),
	(4,3,3,100),
	(5,3,3,50),
	(6,4,4,100),
	(7,4,4,50),
	(8,4,4,25),
	(9,5,5,200),
	(10,5,5,125),
	(11,5,5,75),
	(12,5,5,40),
	(13,6,6,100),
	(14,6,6,50),
	(15,6,6,30),
	(16,7,7,100),
	(17,7,7,50),
	(18,7,7,30),
	(19,8,8,75),
	(20,8,8,125),
	(21,9,9,30),
	(22,9,9,100),
	(23,10,10,30),
	(24,10,10,90),
	(25,11,11,60),
	(26,11,11,100),
	(27,11,11,200),
	(28,12,12,30),
	(29,12,12,50),
	(30,12,12,100),
	(31,13,13,50),
	(32,14,14,30),
	(33,15,15,70);

INSERT INTO KMR_Esencia_Perfume
    VALUES
	(8006879,'sandalo','.','.'),
	(8014093,'pachuli','.','.'),
	(8008319,'naranja tangerina','.','.'),
	(84929408,'peonia','.','.'),
	(90028061,'haba tonka','.','.'),
	(84012340,'durazno','.','.'),
	(8006813,'ylang ylang','.','.'),
	(8024064,'vainilla','.','.'),
	(8001045,'almizcle','.','.'),
	(5502750,'muguete','.','.'),
	(8022966,'jazmin','.','.'),
	(8007758,'bergamota','.','.'),
	(8008579,'naranja','.','citrus sinensis'),
	(8007703,'anis estrellado','.','illicum verum'),
	(68606815,'grosella negra','.','ribes nigrum'),
	(97676272,'piña','.','ananas comosus'),
	(8016384,'flor de azahar del naranjo','.','citrus aurantium'),
	(84082688,'nuez moscada','.','myristica fragrans'),
	(8000428,'alcaravea','.','Carum carvi'),
	(8012917,'bayas rojas','.','.'),
	(8006404,'miel','.','.'),
	(8028895,'caramelo','.','.'),
	(8015734,'albahaca','.','Ocimum basilicum'),
	(8006904,'menta','.','Mentha spicata, piperita, aquatica (labiatae)'),
	(8016204,'toronja','.','citrus paradisi'),
	(8000348,'clavos de olor','.','eugenia caryophyllata'),
	(90082432,'pera','.','pyrus communis (rosaceae)'),
	(85940325,'cardamomo','.','elletaria cardamomum'),
	(103957,'ciclamen','.','Cyclamen'),
	(90106380,'rosa','.','rosa gallica, centifollia, damascena'),
	(89998038,'melon','.','cucurbitaceae family'),
	(223749017,'fresia','.','freesia refracta (Iridaceae)'),
	(85085514,'flor de loto','.','nelumbo nucifera'),
	(28940116,'calone','.','.'),
	(8021430,'clavel','.','.'),
	(84776670,'azucena','.','lilium (liliaceae)'),
	(94334357,'nardos','.','polianthes tuberosa'),
	(8002673,'ambar','.','ambra grisea'),
	(92347212,'osmanto','.','olivo oloroso'),
	(92201553,'cedro','.','cedrus, family pinaceae'),
	(84775508,'cilantro','.','coriandrum sativum'),
	(84696071,'cipres','.','cupressus (cupressaceae)'),
	(223748445,'mandarina','.','citrus reticulata'),
	(90131456,'estragon','.','artemisia dracunculus'),
	(233683846,'yuzu','.','citrus junos'),
	(85116638,'cedron','.','aloysia citrodora'),
	(84082791,'salvia','.','salvia Officinalis'),
	(8008568,'limon','.','citrus limon'),
	(91721981,'reseda','.','reseda odorata'),
	(84649989,'canela','.','cinnamomum verum'),
	(90082512,'geranio','.','pelargonium Graveolens'),
	(8022193,'azafran','.','crocus Sativus Linneaus'),
	(84238299,'vetiver','.','vetiveria Zizanoid'),
	(84961660,'tabaco','.','Nicotiana tabacum (Solanaceae)'),
	(90045526,'flor de espino','.','crataegus monogyna (rosaceae)'),
	(8021361,'opoponaco de Somalia','.','commiphora erythraea'),
	(90147367,'violeta','.','viola odorata'),
	(8050075,'incienso','.','.'),
	(68916734,'te blanco','.','.'),
	(8016602,'hoja de arroz','.','oryza family poaceae'), 
	(32388559,'flor de cerezo','.','family rosaceae, genus prunus'),
	(223748069,'frangipani','.','Plumeria rubra (Apocyanaceae)'),
	(90045582,'heliotropo','.','heliotropium arborescens'),
	(8007087,'jengibre','.','Zingiber officinale'),
	(90063528,'lima','.','Citrus aurantifolia'),
	(68966869,'caoba','.','.'),
	(2845577,'benjuí','.','Styrax benzoin'),
	(70788306,'notas amaderadas','.','.'),
	(91722815,'lichi','.','.'),
	(85085478,'magnolia','.','.'),
	(84929419,'pimienta','.','.'),
	(10236472,'pomelo','.','.'),
	(2324338,'neroli','.','.'),
	(90063380,'lavanda','.','.'),
	(97404530,'pimienta de sichuan','.','.'),
	(6790585,'ambroxan','.','.'),
	(8024053,'tuberose','.','.'),
	(223749799,'Rangoon creeper','.','.'),
	(84082600,'manzanilla','.','.'),
	(19981999,'sábila','.','.'),
	(89998016,'pepino','.','.'),
	(85085412,'enebro de virginia','.','.'),
	(68650442,'chabacano','.','.'),
	(8001294,'flor del algodonero','.','.');

INSERT INTO KMR_Familia_Olf
    VALUES
	(1,'Verde','.'),
	(2,'Citrico','.'),
	(3,'Floral','.'),
	(4,'Frutal','.'),
	(5,'Aromatico','.'),
	(6,'Fougere','.'),
	(7,'Chipre','.'),
	(8,'Amaderado','.'),
	(9,'Oriental','.'),
	(10,'Otros','.');

INSERT INTO KMR_P_FO
    VALUES
	(1,8),
	(1,3),
	(1,9),
	(2,9),
	(2,4),
	(2,5),
	(3,9),
	(3,5),
	(3,2),
	(3,1),
	(4,3),
	(5,2),
	(5,5),
	(5,9),
	(5,8),
	(5,3),
	(6,3),
	(6,9),
	(7,1),
	(7,3),
	(7,9),
	(7,8),
	(8,9),
	(8,8),
	(8,2),
	(8,5),
	(8,1),
	(8,3),
	(9,4),
	(9,3),
	(9,9),
	(9,2),
	(10,4),
	(10,2),
	(10,3),
	(10,8),
	(10,1),
	(11,2),
	(11,3),
	(11,9),
	(11,10),
	(12,3),
	(13,1),
	(13,3),
	(13,4),
	(14,3),
	(14,1),
	(15,2),
	(15,4),
	(15,3),
	(15,8);

INSERT INTO KMR_EP_FO
    VALUES
	(8006879,8),
	(8006879,6),
	(8014093,8),
	(8014093,7),
	(8008319,2),
	(84929408,3),
	(90028061,9),
	(84012340,4),
	(8006813,3),
	(8024064,9),
	(8001045,9),
	(5502750,3),
	(8022966,3),
	(8007758,2),
	(8007758,6),
	(8007758,7),
	(8008579,2),
	(8007703,9),
	(68606815,4),
	(97676272,4),
	(8016384,3),
	(84082688,9),
	(8000428,9),
	(8012917,4),
	(8006404,9),
	(8028895,9),
	(8015734,1),
	(8015734,6),
	(8015734,5),
	(8006904,1),
	(8006904,6),
	(8016204,2),
	(8000348,9),
	(90082432,4),
	(85940325,9),
	(103957,3),
	(90106380,3),
	(89998038,4),
	(223749017,3),
	(85085514,3),
	(28940116,10),
	(28940116,3),
	(8021430,3),
	(84776670,3),
	(94334357,3),
	(8002673,9),
	(92347212,3),
	(92201553,1),
	(92201553,6),
	(92201553,8),
	(84775508,9),
	(84696071,1),
	(84696071,6),
	(223748445,2),
	(85116638,2),
	(85116638,6),
	(85116638,1),
	(84082791,1),
	(84082791,6),
	(84082791,5),
	(8008568,2),
	(91721981,3),
	(84649989,9),
	(90082512,5),
	(90082512,6),
	(90082512,3),
	(8022193,9),
	(84238299,8),
	(84961660,10),
	(233683846,2),
	(90045526,3),
	(8021361,9),
	(90147367,3),
	(8050075,9),
	(8007087,9),
	(90063528,2),
	(68966869,8),
	(84696071,8),
	(2845577,9),
	(85116638,8),
	(68916734,1),
	(8016602,1),
	(32388559,3),
	(223748069,3),
	(90045582,3),
	(70788306,8),
	(91722815,4),
	(85085478,3),
	(84929419,9),
	(10236472,2),
	(2324338,2),
	(90063380,3),
	(97404530,9),
	(6790585,10),
	(8024053,3),
	(223749799,3),
	(84082600,3),
	(19981999,1),
	(89998016,4),
	(85085412,1),
	(68650442,4),
	(8001294,3);

INSERT INTO KMR_Monolitico
    VALUES
	(1,8006879),
	(1,8014093),
	(1,8008319),
	(1,84929408),
	(1,90028061),
	(1,84012340),
	(1,8006813),
	(1,8024064),
	(1,8001045),
	(1,8022966),
	(2,8024064),
	(2,97676272),
	(2,8028895),
	(2,90028061),
	(2,68606815),
	(2,8012917),
	(2,8016384),
	(2,8006404),
	(2,8007703),
	(3,8024064),
	(3,8015734),
	(3,8006904),
	(3,8016204),
	(3,8000348),
	(3,90082432),
	(3,85940325),
	(4,85085514),
	(4,89998038),
	(4,5502750),
	(4,84776670),
	(4,84929408),
	(4,223749017),
	(4,90106380),
	(4,28940116),
	(4,103957),
	(4,8001045),
	(4,94334357),
	(4,8021430),
	(4,92347212),
	(4,92201553),
	(4,8006879),
	(4,8002673),
	(5,233683846),
	(5,8008568),
	(5,85085514),
	(5,84238299),
	(5,8007758),
	(5,84082688),
	(5,223748445),
	(5,85116638),
	(5,5502750),
	(5,84696071),
	(5,8001045),
	(5,28940116),
	(5,84775508),
	(5,92201553),
	(5,8006879),
	(5,8022193),
	(5,84649989),
	(5,90131456),
	(5,90082512),
	(5,84082791),
	(5,84961660),
	(5,91721981),
	(5,8002673),
	(6,90147367),
	(6,90106380),
	(6,8024064),
	(6,8001045),
	(6,8050075),
	(6,8021361),
	(6,90045526),
	(6,8022966),
	(6,68606815),
	(7,68916734),
	(7,8016602),
	(7,32388559),
	(7,223748069),
	(7,90045582),
	(7,8001045),
	(7,8024064),
	(7,70788306),
	(7,8050075),
	(8,8007087),
	(8,8016204),
	(8,8008568),
	(8,90063528),
	(8,68966869),
	(8,84696071),
	(8,84082791),
	(8,90082512),
	(8,85940325),
	(8,8014093),
	(8,2845577),
	(8,84238299),
	(8,85116638),
	(9,91722815),
	(9,223749017),
	(9,85085478),
	(9,8007087),	
	(9,223748445),
	(9,84929419),
	(9,8022966),
	(9,8002673),
	(9,8001045),
	(10,68606815),
	(10,10236472),
	(10,2324338),
	(10,8022966),
	(10,84238299),
	(11,8007758),
	(11,90063380),
	(11,97404530),
	(11,8007703),
	(11,84082688),
	(11,6790585),
	(11,8024064),
	(12,8022966),
	(12,8024053),
	(12,223749799),
	(13,85085412),
	(13,68650442),
	(13,8001294),
	(14,8022966),
	(14,84082600),
	(14,19981999),
	(15,8007758),
	(15,89998016),
	(15,8016204),
	(15,89998038),
	(15,90106380),	
	(15,8022966),
	(15,84238299);
	

INSERT INTO KMR_Perfume_Fases
    VALUES
	(1,8007758,'S'),
	(1,8008319,'S'),
	(1,84929408,'C'),
	(1,84012340,'C'),
	(1,8022966,'C'),
	(1,8006813,'C'),
	(1,5502750,'C'),
	(1,8006879,'F'),
	(1,90028061,'F'),
	(1,8014093,'F'),
	(1,8001045,'F'),
	(1,8024064,'F'),
	(2,8008579,'S'),
	(2,8007703,'S'),
	(2,68606815,'S'),
	(2,97676272,'S'),
	(2,8016384,'C'),
	(2,84082688,'C'),
	(2,8000428,'C'),
	(2,8012917,'C'),
	(2,90028061,'F'),
	(2,8024064,'F'),
	(2,8006404,'F'),
	(2,8028895,'F'),
	(4,103957,'S'),
	(4,90106380,'S'),
	(4,89998038,'S'),
	(4,223749017,'S'),
	(4,85085514,'S'),
	(4,28940116,'S'),
	(4,8021430,'C'),
	(4,84776670,'C'),
	(4,84929408,'C'),
	(4,94334357,'F'),
	(4,8002673,'F'),
	(4,8006879,'F'),
	(4,8001045,'F'),
	(4,92347212,'F'),
	(4,92201553,'F'),
	(5,84775508,'S'),
	(5,84696071,'S'),
	(5,223748445,'S'),
	(5,90131456,'S'),
	(5,233683846,'S'),
	(5,85116638,'S'),
	(5,84082791,'S'),
	(5,8007758,'S'),
	(5,8008568,'S'),
	(5,28940116,'S'),
	(5,84082688,'C'),
	(5,91721981,'C'),
	(5,84649989,'C'),
	(5,90082512,'C'),
	(5,8022193,'C'),
	(5,5502750,'C'),
	(5,85085514,'C'),
	(5,84238299,'F'),
	(5,8001045,'F'),
	(5,8006879,'F'),
	(5,92201553,'F'),
	(5,8002673,'F'),
	(5,84961660,'F'),
	(6,68606815,'S'),
	(6,90045526,'S'),
	(6,90106380,'S'),
	(6,223748445,'S'),
	(6,8021361,'C'),
	(6,8022966,'C'),
	(6,90147367,'C'),
	(6,8024064,'F'),
	(6,8001045,'F'),
	(6,8050075,'F'),
	(7,68916734,'S'),
	(7,8016602,'S'),
	(7,32388559,'C'),
	(7,223748069,'C'),
	(7,90045582,'C'),
	(7,8001045,'F'),
	(7,8024064,'F'),
	(7,70788306,'F'),
	(7,8050075,'F'),
	(8,8007087,'S'),
	(8,8016204,'S'),
	(8,8008568,'S'),
	(8,90063528,'S'),
	(8,68966869,'C'),
	(8,84696071,'C'),
	(8,84082791,'C'),
	(8,90082512,'C'),
	(8,85940325,'C'),
	(8,8014093,'F'),
	(8,2845577,'F'),
	(8,84238299,'F'),
	(8,85116638,'F'),
	(9,91722815,'S'),
	(9,223749017,'S'),
	(9,85085478,'C'),
	(9,8007087,'C'),
	(9,223748445,'C'),
	(9,84929419,'F'),
	(9,8002673,'F'),
	(9,8001045,'F'),
	(10,68606815,'S'),
	(10,10236472,'S'),
	(10,2324338,'C'),
	(10,8022966,'C'),
	(10,84238299,'F'),
	(10,92201553,'F'),
	(11,8007758,'S'),
	(11,90063380,'C'),
	(11,97404530,'C'),
	(11,8007703,'C'),
	(11,84082688,'C'),
	(11,6790585,'F'),
	(11,8024064,'F'),
	(12,8022966,'S'),
	(12,8024053,'C'),
	(12,223749799,'F'),
	(13,68650442,'C'),
	(13,8001294,'F'),
	(13,85085412,'S'),
	(14,8022966,'F'),
	(14,84082600,'S'),
	(14,19981999,'C'),
	(15,8007758,'S'),
	(15,89998016,'S'),
	(15,8016204,'S'),
	(15,89998038,'S'),
	(15,90106380,'C'),
	(15,84238299,'F');
	

INSERT INTO KMR_Empresa_Proveedora
	(nombre, pag_web, inf_contacto, id_asoc_nacional) VALUES
	('Keva', 'https://www.keva.co.in/content/ingredients', '+91 22 2206 9609', NULL),
	('essence', 'https://essencia.ch/oele.php?pageID=89&language=E', '+41 52 245 05 60', 5),
	('Privi Organics India Limited', 'http://www.privi.com/', '+91 22 33043500', NULL),
	('Perfumer''s Apprentice', 'https://shop.perfumersapprentice.com', '1(877)627-7401', 4);


INSERT INTO KMR_Condiciones_Pago
	(id_emp_prov, tipo, cuotas)
	VALUES
	(1, 'AP', 3),
	(2, 'AP', 2),
	(3, 'AP', 1),
	(4, 'AP', 2),
	(1, 'C', NULL),
	(2, 'C', NULL),
	(3, 'C', NULL),
	(4, 'C', NULL);

INSERT INTO KMR_Envio_Pais
	(id_emp_prov, id_pais, dias_entrega, tipo_transporte, costo)
    VALUES
	(4, 14, 4, 'A', 6.35),
	(4, 44, 4, 'A', 6.35),
	(4, 45, 4, 'A', 6.35),
	(2,  4, 4, 'A', 2.17),
	(2, 14, 4, 'A', 2.17),
	(2, 91, 4, 'A', 2.17),
	(1, 89, 2, 'A', NULL),
	(3, 89, 2, 'A', NULL),
	(3, 68, 5, 'B', 5.00),
	(3, 126, 5, 'B', 5.00);


INSERT INTO KMR_IFRA_Ingrediente
	VALUES
	(131766739, 1, 'Un liquido amarillo pálido claro.', 'Quimico', '12 meses en almacenamiento', 'Ethanol 95%', NULL),
	(14352615, 1, 'Un liquido incoloro claro.', 'Quimico', '12 meses en almacenamiento', 'Ethanol 95%', NULL),
	(93049, 1, 'Liquido cristalino', 'Quimico', '36 meses en almacenamiento', 'Alcohol 100%', NULL),
	(80546, 2, 'Liquido aceitoso casi incoloro o amarilloso pastel', '24 meses en almacenamiento', 'Quimico', 'Aceite Parafina', NULL),
	(121335,2, 'Polvo blaco cristalino', '24 meses en almacenamiento', 'Quimico', 'Cloroformo', NULL),
	(106241,2, 'Liquido incoloro transparente', '24 meses en almacenamiento', 'Quimico', 'Keroseno', NULL),
	(28897214, 3, 'NA', 'NA', 'NA', 'NA', NULL),
	(18479577, 3 ,'Liquido transparente incoloro', 'Quimico', '2 años', '25% en alcohol a 75%', NULL),
	(5989548, 3, 'Liquido transparente incoloro', 'Quimico', 'NA', 'Aceites fijos', NULL),
	(504632, 4, 'Liquido transparente incoloro', 'Quimico', 'NA', 'Alcohol', NULL),
	(111273, 4, 'Liquido transparente incoloro', 'Quimico', 'NA', 'Alcohol', NULL),
	(542461, 4, 'Liquido cristalino incoloro o blanquecino', 'Quimico', '2 semanas', 'Glicol Dipropileno', NULL);

INSERT INTO KMR_Criterio
	(nombre, descripcion)
	VALUES
	('Criterio de Condiciones de Pago', 'Criterio de evaluacion de una Evaluación inicial
			   , toma en consideracion las Condiciones de pago disponibles de una empresa proveedora'),
	('Criterio de Alternativas de Envio', 'Criterio de evaluacion de una Evaluación inicial
			   , toma en consideracion las Alternativas de envío disponibles de una empresa proveedora'),
	('Criterio de eficiencia', 'Condicion de evaluacion de una Evaluacion Anual, toma en consideracion
			   el porcentaje de pedidos que fueron entregados correctamente.');

INSERT INTO KMR_Ingrediente_Presentacion
	   (vol, unidades, cantidad_almacenada, precio_unitario, id_ifra_ing, id_ing_otros)
	   VALUES
	   (5, 'g', 100, 5, 131766739, NULL),
	   (25, 'g', 100, 9, 131766739, NULL),
	   (200, 'g', 100, 45, 131766739, NULL),
	   (5, 'g', 100, 5, 131766739, NULL),
	   (25, 'g', 100, 9, 131766739, NULL),
	   (200, 'g', 100, 45, 131766739, NULL);

INSERT INTO KMR_Ingrediente_Otros
	(ipc,nombre,tipo,tsca_cas,id_emp_prov)
	VALUES
	(131766739,'Sagecete','Floral',NUll,1),
	(93049,'Yara Yara','citrico',NUll,1),
	(28897214,'Beta Iso Damascol','amaderado',4927360, 3),
	(18479577,'Tetrahydromyrcenol','citrico',NUll,3),
	(5989548,'L Limonene','citrico',NUll,3),
	(542461,'Civettone','oriental',NUll,4),
	(121335,'Vanillin','oriental',NUll,2);
	
